Workbook
Name equiv: '[1]LECTURE (75%)'!$AR$2:$AS$12
Name equiv: 'DATA 1'!$AR$2:$AS$12
Name FINPT: '[1]LECTURE (75%)'!$N$17:$U$17,'[1]LECTURE (75%)'!$AG$17:$AN$17
Name FINPT: 'DATA 1'!$N$17:$U$17,'DATA 1'!$AG$17:$AN$17
Name FINWW: '[1]LECTURE (75%)'!$F$17:$M$17,'[1]LECTURE (75%)'!$Y$17:$AF$17
Name FINWW: 'DATA 1'!$F$17:$M$17,'DATA 1'!$Y$17:$AF$17
Name FPT: '[1]LECTURE (75%)'!$AG$17:$AN$17
Name FPT: 'DATA 1'!$AG$17:$AN$17
Name FR: '[1]LECTURE (75%)'!$AO$17
Name FR: 'DATA 1'!$AO$17
Name FWW: '[1]LECTURE (75%)'!$Y$17:$AF$17
Name FWW: 'DATA 1'!$Y$17:$AF$17
Name MTPT: '[1]LECTURE (75%)'!$N$17:$U$17
Name MTPT: 'DATA 1'!$N$17:$U$17
Name MTR: 'DATA 1'!$V$17
Name MTWW: '[1]LECTURE (75%)'!$F$17:$M$17
Name MTWW: 'DATA 1'!$F$17:$M$17
Name PG: 'DATA 1'!$AO$11
Name REMARKS: '[1]LECTURE (75%)'!$AT$2:$AT$12
Name REMARKS: 'DATA 1'!$AT$2:$AT$12
Name term: #REF!

Sheet DATA 1
AL2: GRADE ALLOCATION | AR2: % | AS2: Equiv | AT2: PASSED
AR3: 0 | AS3: 5
AR4: 75 | AS4: 3
AM5: MT | AO5: FIN | AR5: 76 | AS5: 2.75 | AT5: REPEAT
AL6: WW | AM6: 30 | AO6: 30 | AR6: 79 | AS6: 2.5 | AT6: INC - PERFORMANCE TASK
AL7: PT | AM7: 40 | AO7: 40 | AR7: 82 | AS7: 2.25 | AT7: INC - MAJOR REQUIREMENT
AL8: MTR | AM8: 30 | AR8: 85 | AS8: 2 | AT8: INC - WRITTEN WORK
AL9: FR | AO9: 30 | AR9: 88 | AS9: 1.75 | AT9: INC - PT/WW
B10: Faculty Name | AL10: Total | AM10: =SUM(AM6:AN9) -> 100 | AO10: =SUM(AO6:AP9) -> 100 | AR10: 91 | AS10: 1.5 | AT10: 0.0 - EXCESSIVE ABSENCES
B11: Department | AL11: PASSING GRADE | AO11: 75 | AR11: 94 | AS11: 1.25 | AT11: 0.0 - CHEATING/PLAGIARISM
AR12: 97 | AS12: 1 | AT12: DROPPED
B14: Student Number | D14: Course | F14: MIDTERM PERIOD | Y14: FINAL PERIOD | AS14: Remarks
F15: Written Work | N15: Performance Task | V15: MTR | W15: Midterm Grade | Y15: Written Work | AG15: Performance Task | AO15: FR | AP15: BONUS | AQ15: Final Grade
F16: E1 | G16: E1 Bons | H16: E2 | I16: E2 Bons | J16: ME Bons | K16: Dept | N16: Hi | O16: East | P16: CO2 | Q16: CO2 Bon | Y16: CO2 | AG16: CO2 | AH16: CO2 Bon
F17: 50 | H17: 100 | P17: 35 | V17: 100 | W17: % | X17: Equiv | Y17: 35 | AG17: 35 | AO17: 35 | AQ17: % | AR17: Equiv
A18: 1 | F18: ='GRADE CALCULATOR'!C6 -> 0 | G18: ='GRADE CALCULATOR'!D6 -> 0 | H18: ='GRADE CALCULATOR'!E6 -> 0 | I18: ='GRADE CALCULATOR'!F6 -> 0 | J18: ='GRADE CALCULATOR'!G6 -> 0 | K18: ='GRADE CALCULATOR'!H6 -> 0 | N18: ='GRADE CALCULATOR'!J6 -> 0 | O18: ='GRADE CALCULATOR'!K6 -> 0 | P18: ='GRADE CALCULATOR'!L6 -> 0 | Q18: ='GRADE CALCULATOR'!M6 -> 0 | V18: ='GRADE CALCULATOR'!I6 -> 0 | W18: =(((SUM(F18:M18)/SUM(MTWW))*$AM$6)+((SUM(N18:U18)/SUM(MTPT))*$AM$7)+((V18/$V$17)*$AM$8)) -> 0 | X18: =IF($S$5="Nationalian Course", (IF(W18>74.46,"Pass","Fail")),(VLOOKUP(W18,equiv,2))) -> 5 | Y18: =P18 -> 0 | AG18: =P18 -> 0 | AH18: =Q18 -> 0 | AO18: =P18 -> 0 | AQ18: =(((SUM(Y18:AF18))/(SUM(FWW)))*$AO$6)+(((SUM(AG18:AN18))/(SUM(FPT)))*$AO$7)+((AO18/FR)*$AO$9) -> 0 | AR18: =IF($S$5="Nationalian Course", (IF(AQ18>74.46,"Pass","Fail")),(VLOOKUP(AQ18,equiv,2))) -> 5
D19: DROPPED / PULLED-OUT

Sheet DATA 2
C2: MIDTERM | I2: FINALS
B3: NAME | C3: LEC | D3: 75% OF LEC | E3: LAB (25%) | F3: MIDTERM GRADE | G3: MIDTERM EQUIVALENT | I3: LEC | J3: 75% OF LEC | K3: LAB (25%) | L3: FINALS GRADE | M3: FINALS EQUIVALENT
C4: =IF('DATA 1'!W18>100,100,'DATA 1'!W18) -> 0 | D4: =C4*0.75 -> 0 | E4: ='GRADE CALCULATOR'!C11 -> 0 | F4: =D4+E4 -> 0 | G4: =IF($Q$5="Nationalian Course", (IF(F4>74.46,"Pass","Fail")),(VLOOKUP(F4,equiv,2))) -> 5 | I4: =IF('DATA 1'!AQ18>100,100,'DATA 1'!AQ18) -> 0 | J4: =I4*0.75 -> 0 | K4: ='GRADE CALCULATOR'!C16 -> 0 | L4: =J4+K4 -> 0 | M4: =IF($Q$5="Nationalian Course", (IF(L4>74.46,"Pass","Fail")),(VLOOKUP(L4,equiv,2))) -> 5

Sheet DATA 3
C3: MT | D3: FT | E3: FINAL GRADE | H3: 1 | I3: 1.25 | J3: 1.5 | K3: 1.75 | L3: 2 | M3: 2.25 | N3: 2.5 | O3: 2.75 | P3: 3 | Q3: 5
C4: ='DATA 2'!G4 -> 5 | D4: ='DATA 2'!M4 -> 5 | E4: =INDEX($H$4:$Q$13,MATCH(C4,$G$4:$G$13,0),MATCH(D4,$H$3:$Q$3,0)) -> 5 | G4: 1 | H4: 1 | I4: 1 | J4: 1.25 | K4: 1.25 | L4: 1.5 | M4: 1.5 | N4: 1.75 | O4: 1.75 | P4: 2 | Q4: 3
G5: 1.25 | H5: 1 | I5: 1.25 | J5: 1.25 | K5: 1.5 | L5: 1.5 | M5: 1.75 | N5: 1.75 | O5: 2 | P5: 2 | Q5: 3
G6: 1.5 | H6: 1.25 | I6: 1.25 | J6: 1.5 | K6: 1.5 | L6: 1.75 | M6: 1.75 | N6: 2 | O6: 2 | P6: 2.25 | Q6: 5
G7: 1.75 | H7: 1.25 | I7: 1.5 | J7: 1.5 | K7: 1.75 | L7: 1.75 | M7: 2 | N7: 2 | O7: 2.25 | P7: 2.25 | Q7: 5
G8: 2 | H8: 1.5 | I8: 1.5 | J8: 1.75 | K8: 1.75 | L8: 2 | M8: 2 | N8: 2.25 | O8: 2.25 | P8: 2.5 | Q8: 5
G9: 2.25 | H9: 1.5 | I9: 1.75 | J9: 1.75 | K9: 2 | L9: 2 | M9: 2.25 | N9: 2.25 | O9: 2.5 | P9: 2.5 | Q9: 5
G10: 2.5 | H10: 1.75 | I10: 1.75 | J10: 2 | K10: 2 | L10: 2.25 | M10: 2.25 | N10: 2.5 | O10: 2.5 | P10: 2.75 | Q10: 5
G11: 2.75 | H11: 1.75 | I11: 2 | J11: 2 | K11: 2.25 | L11: 2.25 | M11: 2.5 | N11: 2.5 | O11: 2.75 | P11: 2.75 | Q11: 5
G12: 3 | H12: 2 | I12: 2 | J12: 2.25 | K12: 2.25 | L12: 2.5 | M12: 2.5 | N12: 2.75 | O12: 2.75 | P12: 3 | Q12: 5
G13: 5 | H13: 3 | I13: 3 | J13: 5 | K13: 5 | L13: 5 | M13: 5 | N13: 5 | O13: 5 | P13: 5 | Q13: 5

Sheet GRADE CALCULATOR
C2: LECTURE (75%)
C3: WRITTEN WORK (30%) | I3: MAJOR ASSESSMENT (30%) | J3: PERFORMANCE TASK (40%)
C4: EXAM 1 | D4: EXAM 1 Reward | E4: EXAM 2 | F4: EXAM 2 Reward | G4: Midterm Exam Reward | H4: Departmental Exam Bonus | I4: MIDTERM EXAM | J4: Highest in the Exam Reward | K4: Easter Egg | L4: CO2 Sensor | M4: CO2 Sensor Bonus
B5: MAX SCORE | C5: 50 | D5: N/A | E5: 100 | F5: N/A | G5: N/A | H5: N/A | I5: 100 | J5: N/A | K5: N/A | L5: 35 | M5: 10
B6: YOUR SCORE
C9: MIDTERM LABORATORY GRADE (25%)
B11: YOUR SCORE | H11: MIDTERM GRADE | J11: ='DATA 3'!C4 -> 5
C14: FINALS LABORATORY GRADE (25%)
B16: YOUR SCORE | H16: FINAL TERM GRADE | J16: ='DATA 3'!D4 -> 5
H19: CHEMISTRY FOR ENGINEERS GRADE | K19: ='DATA 3'!E4 -> 5
